﻿<Ui xmlns="http://www.blizzard.com/wow/ui/" xmlns:xsi="http://www.w3.org/2001/XMLSchema-instance" xsi:schemaLocation="http://www.blizzard.com/wow/ui/
https://raw.githubusercontent.com/Ascension-Addons/UI.xsd/main/UI.xsd">
	<Script file="Dice\WildCardRouletteMixin.lua"/>
	<Script file="Dice\WildCardNameFrameMixin.lua"/>
	<Script file="Dice\WildCardSpellButtons.lua"/>
	<Script file="Dice\WildCardQualityGlowFrameMixin.lua"/>
	<Script file="Dice\WildCardDice.lua"/>
    <Script file="WildCard.lua"/>
    
	<Button name="WildCardSpellTextButton" virtual="true">
		<Scripts>
			<OnLoad> 
				MixinAndLoadScripts(self, WildCardNameFrameButtonMixin)
			</OnLoad>
		</Scripts>
	</Button>
	<Button name="WildCardSpellButton" virtual="true">
		<Size x="48" y="48"/>
		<Scripts>
			<OnLoad> 
				MixinAndLoadScripts(self, WildCardSpellButtonMixin)
			</OnLoad>
		</Scripts>
	</Button>
</Ui>