﻿<Ui xmlns="http://www.blizzard.com/wow/ui/" xmlns:xsi="http://www.w3.org/2001/XMLSchema-instance" xsi:schemaLocation="http://www.blizzard.com/wow/ui/
https://raw.githubusercontent.com/Ascension-Addons/UI.xsd/main/UI.xsd">
    <Script file="MythicPlusObjectiveTemplates.lua"/>

    <Frame name="MythicPlusTextObjectiveTemplate" inherits="ScenarioTextObjectiveTemplate" virtual="true">
        <Scripts>
            <OnLoad>
                MixinAndLoad(self, "MythicPlusObjectiveMixin")
            </OnLoad>
        </Scripts>
    </Frame>

    <Frame name="MythicPlusExpandableObjectiveTemplate" inherits="ScenarioExpandableObjectiveTemplate" virtual="true">
        <Scripts>
            <OnLoad>
                MixinAndLoad(self, "MythicPlusExpandableObjectiveMixin")
            </OnLoad>
        </Scripts>
    </Frame>

    <Frame name="MythicPlusStatusBarObjectiveTemplate" inherits="ScenarioStatusBarObjectiveTemplate" virtual="true">
        <Scripts>
            <OnLoad>
                MixinAndLoad(self, "MythicPlusStatusBarObjectiveMixin")
            </OnLoad>
        </Scripts>
    </Frame>
</Ui>