﻿<Ui xmlns="http://www.blizzard.com/wow/ui/" xmlns:xsi="http://www.w3.org/2001/XMLSchema-instance" xsi:schemaLocation="http://www.blizzard.com/wow/ui/
https://raw.githubusercontent.com/Ascension-Addons/UI.xsd/main/UI.xsd">
    
    <Button name="PTAMentorSpecializationIconTemplate" virtual="true">
        <Size x="16" y="16"/>
        <Scripts>
            <OnEnter function="GameTooltip_GenericTooltip"/>
            <OnLeave function="GameTooltip_Hide"/>
        </Scripts>
        <HighlightTexture alphaMode="ADD"/>
    </Button>
    
    <CheckButton name="PTATabButtonTemplate" inherits="GarrTabBottomTemplate" virtual="true">
        <Size x="88" y="48"/>
        
        <Frames>
            <Frame name="$parentNewIcon" parentKey="NewIcon" inherits="SmallNewIconTemplate" hidden="true">
                <Anchors>
                    <Anchor point="BOTTOMRIGHT" x="2" y="-2"/>
                </Anchors>
            </Frame>
        </Frames>
        <NormalFont style="GameFontNormal"/>
        <HighlightFont style="GameFontHighlight"/>
        <DisabledFont style="GameFontDisabled"/>
    </CheckButton> 
    
    <CheckButton name="PTAMentorSpecializationTemplate" inherits="SquareIconCheckButtonTemplate" virtual="true">
        <Size x="32" y="32"/>
        
        <Scripts>
            <OnClick>
                PlaySound(SOUNDKIT.UCHATSCROLLBUTTON_70)
                if self:GetBoolValue() then
                    C_Tutorial.AddMentorSpecialization(self:GetID())
                else
                    C_Tutorial.RemoveMentorSpecialization(self:GetID())
                end
            </OnClick>
        </Scripts>
        
        <ButtonText name="$parentText" parentKey="Text" inherits="GameFontHighlight">
            <Anchors>
                <Anchor point="LEFT" relativePoint="RIGHT"/>
            </Anchors>
        </ButtonText>
    </CheckButton> 

    <SimpleHTML name="PTADescriptionTemplate" inherits="DynamicSimpleHTMLTemplate" virtual="true">
        <FontString inherits="GameFontHighlightMedium" justifyH="CENTER">
            <Color r="1" g="0.82" b="0"/>
        </FontString>
        <FontStringHeader1 inherits="GameFontHighlightGiant" justifyH="CENTER"/>
        <FontStringHeader2 inherits="GameFontHighlightLarge2" justifyH="CENTER"/>
        <FontStringHeader3 inherits="GameFontHighlightLarge" justifyH="CENTER"/>
    </SimpleHTML>

    <Button name="PathTutorialRewardTemplate" motionScriptsWhileDisabled="true" virtual="true">
        <Size x="32" y="32"/>

        <Layers>
        	<Layer level="BACKGROUND">
        		<Texture name="$parentBgRing" parentKey="BgRing" alphaMode="ADD" hidden="true">
					<Size x="56" y="56"/>
                    <Anchors>
                        <Anchor point="CENTER" x="0" y="0"/>
                    </Anchors>
                    <Animations>
                        <AnimationGroup parentKey="Animation" looping="REPEAT">
                            <Rotation duration="60" degrees="360"/>
                        </AnimationGroup>
                    </Animations>
        		</Texture>
        	</Layer>
        </Layers>

        <Scripts>
            <OnLoad>
            	self.BgRing.Animation:Play()
            	self.BgRing:SetAtlas("services-ring-large-glowspin", Const.TextureKit.IgnoreAtlasSize)
                self:SetNormalAtlas("pta-loot-normal")
                self:SetDisabledAtlas("pta-loot-disable")
                self:SetHighlightAtlas("pta-loot-highlight")
            </OnLoad>
            <OnClick>
                self:GetParent():OnRewardClick()
            </OnClick>
            <OnEnter>
                self:GetParent():OnRewardEnter()
            </OnEnter>
            <OnLeave function="GameTooltip_Hide"/>
        </Scripts>

        <NormalTexture>
        	<Size x="56" y="56"/>
        	<Anchors>
        		<Anchor point="CENTER" x="0" y="0"/>
        	</Anchors>
        </NormalTexture>

        <HighlightTexture alphaMode="ADD">
        	<Size x="56" y="56"/>
        	<Anchors>
        		<Anchor point="CENTER" x="0" y="0"/>
        	</Anchors>
        </HighlightTexture>

        <DisabledTexture>
        	<Size x="56" y="56"/>
        	<Anchors>
        		<Anchor point="CENTER" x="0" y="0"/>
        	</Anchors>
        </DisabledTexture>
    </Button>

    <Button name="PathObjectiveItemTemplate" inherits="ScrollListItemTemplate" virtual="true">
        <Size x="416" y="54"/>
        <Layers>
            <Layer level="ARTWORK">
                <FontString name="$parentTitle" parentKey="Title" inherits="GameFontNormal" justifyH="LEFT" maxLines="3">
                    <Size x="128" y="64"/>
                    <Anchors>
                        <Anchor point="LEFT" x="56" y="0"/>
                    </Anchors>
                    <!--<Color r="1" g="0.82" b="0"/>-->
                </FontString>
                <FontString name="$parentSummary" parentKey="Summary" inherits="GameFontNormalLarge2" justifyH="LEFT">
                    <Size x="0" y="0"/>
                    <Anchors>
                        <Anchor point="BOTTOMLEFT" relativeTo="$parentTitle" relativePoint="BOTTOMRIGHT" x="8" y="0"/>
                    </Anchors>
                    <Color r="0.8" g="0.8" b="0.8"/>
                </FontString>
            </Layer>
            <Layer level="OVERLAY">
                <Texture parentKey="Selected" alphaMode="ADD">
                    <Anchors>
                        <Anchor point="CENTER"/>
                    </Anchors>
                </Texture>
            </Layer>
            <Layer level="ARTWORK">
                <Texture parentKey="Pushed" hidden="true">
                    <Anchors>
                        <Anchor point="CENTER"/>
                    </Anchors>
                </Texture>
            </Layer>
            <Layer level="HIGHLIGHT">
                <Texture parentKey="Highlight" alphaMode="ADD">
                    <Anchors>
                        <Anchor point="CENTER"/>
                    </Anchors>
                </Texture>
            </Layer>
        </Layers>
        <Frames>
            <Frame name="$parentIcon" parentKey="Icon" inherits="BorderIconTemplate">
                <Size x="36" y="36"/>
                <Anchors>
                    <Anchor point="CENTER" relativePoint="TOPLEFT" x="26" y="-26"/>
                </Anchors>

                <Layers>
                    <Layer level="OVERLAY">
                        <Texture name="$parentCheckedTexture" parentKey="CheckedTexture" hidden="true" file="Interface\AddOns\AwAddons\Textures\BCNew\GreenCheckMark">
                            <Size x="48" y="48"/>
                            <Anchors>
                                <Anchor point="CENTER" x="0" y="0"/>
                            </Anchors>
                        </Texture>

                        <Texture name="$parentMentorRequirement" parentKey="MentorRequirement" hidden="true">
                            <Size x="18" y="14"/>
                            <Anchors>
                                <Anchor point="CENTER" relativePoint="TOPLEFT" x="4" y="-4"/>
                            </Anchors>
                        </Texture>
                    </Layer>
                </Layers>
                
                <Frames>
                    <Frame name="$parentQuestIcon" parentKey="QuestIcon">
                        <Size x="24" y="24"/>
                        <Anchors>
                            <Anchor point="BOTTOMRIGHT" x="4" y="-2"/>
                        </Anchors>
                        <Layers>
                            <Layer level="ARTWORK">
                                <Texture name="$parentTexture" parentKey="Texture" setAllPoints="true"/>
                            </Layer>
                        </Layers>
                    </Frame>
                </Frames>
            </Frame>

            <Button name="$parentReward" parentKey="Reward" inherits="PathTutorialRewardTemplate">
                <Anchors>
                    <Anchor point="RIGHT" x="-10" y="-2"/>
                </Anchors>
                
                <!--<Frames>
                    <Frame name="$parentClaimIcon" parentKey="ClaimIcon" hidden="true">
                        <Size x="41" y="26"/>
                        <Anchors>
                            <Anchor point="CENTER" relativePoint="BOTTOM" y="4"/>
                        </Anchors>

                        <Layers>
                            <Layer level="BACKGROUND">
                                <Texture name="$parentGlow" parentKey="Glow" setAllPoints="true"/>
                            </Layer>
                            <Layer>
                                <FontString name="$parentText" parentKey="Text" text="CLAIM" inherits="GameFontNormal">
                                    <Anchors>
                                        <Anchor point="CENTER" y="1"/>
                                    </Anchors>
                                </FontString>
                            </Layer>
                        </Layers>

                        <Scripts>
                            <OnLoad>
                                self.Glow:SetAtlas("collections-newglow", Const.TextureKit.IgnoreAtlasSize)
                            </OnLoad>
                        </Scripts>
                    </Frame>
                </Frames>-->
            </Button>
            
            <Frame name="$parentNewIcon" parentKey="NewIcon" inherits="NewIconTemplate" hidden="true">
                <Anchors>
                    <Anchor point="TOPRIGHT"/>
                </Anchors>
            </Frame>
        </Frames>
        <Scripts>
            <OnLoad>
                self.Pushed:SetAtlas("pta-tab-pushed", Const.TextureKit.UseAtlasSize)
                self.Normal:SetAtlas("pta-tab-normal", Const.TextureKit.UseAtlasSize)
                self.Highlight:SetAtlas("pta-tab-highlight", Const.TextureKit.UseAtlasSize)
                self.Selected:SetAtlas("pta-tab-checked", Const.TextureKit.UseAtlasSize)
                MixinAndLoadScripts(self, "PathObjectiveItemMixin")
            </OnLoad>
        </Scripts>
        
        <NormalTexture parentKey="Normal">
            <Anchors>
                <Anchor point="CENTER"/>
            </Anchors>
        </NormalTexture>

        <HighlightTexture />
    </Button>

    <Frame name="PathDisplayPanelTemplate" virtual="true">
        <Frames>
            <Frame name="$parentBorder" parentKey="Border" inherits="NineSlicePanelTemplate2">
                <Anchors>
                    <Anchor point="TOPLEFT" y="-8"/>
                    <Anchor point="BOTTOMRIGHT" y="8"/>
                </Anchors>

                <Layers>
                    <Layer level="BORDER">
                        <Texture name="$parentLeftCover" parentKey="LeftCover" vertTile="true">
                            <Size x="167" y="128"/>
                            <Anchors>
                                <Anchor point="TOPLEFT" x="4" y="-4"/>
                                <Anchor point="BOTTOMLEFT" x="4" y="4"/>
                            </Anchors>
                        </Texture>

                        <Texture name="$parentRightCover" parentKey="RightCover" vertTile="true">
                            <Size x="167" y="128"/>
                            <Anchors>
                                <Anchor point="TOPRIGHT" x="-4" y="-4"/>
                                <Anchor point="BOTTOMRIGHT" x="-4" y="4"/>
                            </Anchors>
                        </Texture>
                    </Layer>

                    <Layer level="ARTWORK">
                        <Texture name="$parentBottomLeftEdge" parentKey="BottomLeftEdge">
                            <Size x="23" y="128"/>
                            <Anchors>
                                <Anchor point="BOTTOMLEFT" x="-2" y="4"/>
                            </Anchors>
                        </Texture>

                        <Texture name="$parentBottomRightEdge" parentKey="BottomRightEdge">
                            <Size x="23" y="128"/>
                            <Anchors>
                                <Anchor point="BOTTOMRIGHT" x="2" y="4"/>
                            </Anchors>
                        </Texture>
                    </Layer>

                    <Layer level="OVERLAY">
                        <Texture name="$parentBottomCover" parentKey="BottomCover" horizTile="true">
                            <Size x="256" y="42"/>
                            <Anchors>
                                <Anchor point="BOTTOMLEFT" x="8" y="8"/>
                                <Anchor point="BOTTOMRIGHT" x="-8" y="8"/>
                            </Anchors>
                        </Texture>
                    </Layer>
                </Layers>
                <Attributes>
                    <Attribute name="layoutType" value="GarrisonMissionBorder"/>
                </Attributes>

                <Scripts>
                    <OnLoad>
                        UseParentLevel(self)
                        MixinAndLoadScripts(self, "NineSlicePanelMixin")
                        self.BottomCover:SetAtlas("_GarrMission_Bg-BottomEdgeSmall", Const.TextureKit.IgnoreAtlasSize)
                        self.LeftCover:SetAtlas("!GarrMission_Bg-DarkEdge", Const.TextureKit.IgnoreAtlasSize)
                        self.RightCover:SetAtlas("!GarrMission_Bg-DarkEdge", Const.TextureKit.IgnoreAtlasSize)
                        self.RightCover:FlipX()

                        self.BottomLeftEdge:SetAtlas("GarrMission_Bg-DarkEdgeCorner", Const.TextureKit.IgnoreAtlasSize)

                        self.BottomRightEdge:SetAtlas("GarrMission_Bg-DarkEdgeCorner", Const.TextureKit.IgnoreAtlasSize)
                        self.BottomRightEdge:FlipX()
                    </OnLoad>
                </Scripts>
            </Frame>
        </Frames>
    </Frame>
    
    <Button name="PathMentorItemTemplate" inherits="ScrollListItemTextTemplate" virtual="true">
        <Size x="390" y="48"/>
        <Layers>
            <Layer level="BACKGROUND">
                <Texture name="$parentBackground" parentKey="Background" setAllPoints="true">
                    <Size x="390" y="48"/>
                    <Anchors>
                        <Anchor point="CENTER"/>
                    </Anchors>
                </Texture>
            </Layer>

            <Layer level="BORDER">
                <Texture name="$parentBackground2" parentKey="Background2">
                    <Size x="390" y="22"/>
                    <Anchors>
                        <Anchor point="BOTTOM"/>
                    </Anchors>
                </Texture>

                <Texture name="$parentIcon" parentKey="Icon" file="Interface\Glues\CharacterCreate\UI-CHARACTERCREATE-RACES_Round">
                    <Size x="38" y="38"/>
                    <Anchors>
                        <Anchor point="LEFT" x="4" y="2"/>
                    </Anchors>
                </Texture>
            </Layer>

            <Layer>
                <Texture name="$parentIconBorder" parentKey="IconBorder">
                    <Size x="48" y="48"/>
                    <Anchors>
                        <Anchor point="CENTER" relativeTo="$parentIcon"/>
                    </Anchors>
                </Texture>
            </Layer>

            <Layer level="OVERLAY">
                <FontString name="$parentName" parentKey="Name" justifyH="LEFT" wordwrap="false" inherits="GameFontHighlightLarge">
                    <Anchors>
                        <Anchor point="LEFT" x="50" y="10"/>
                    </Anchors>
                </FontString>
            </Layer>
        </Layers>
        
        <Frames>
            <Frame name="$parentDropDown" parentKey="DropDown" inherits="UIDropDownMenuTemplate"/>
        </Frames>

        <HighlightTexture name="$parentHighlight" parentKey="Highlight" setAllPoints="true"/>

        <Scripts>
            <OnLoad>
                MixinAndLoadScripts(self, "PathMentorItemMixin")
            </OnLoad>
        </Scripts>
    </Button>

    <Button name="PathAppendixItemTemplate" inherits="ScrollListItemTemplate" virtual="true">
        <Size x="416" y="54"/>
        <Layers>
            <Layer level="ARTWORK">
                <FontString name="$parentTitle" parentKey="Title" inherits="GameFontKeyword" justifyH="LEFT" maxLines="3">
                    <Size x="368" y="38"/>
                    <Anchors>
                        <Anchor point="LEFT" x="24" y="0"/>
                    </Anchors>
                </FontString>
            </Layer>
            <Layer level="OVERLAY">
                <Texture parentKey="Selected" alphaMode="ADD">
                    <Anchors>
                        <Anchor point="CENTER"/>
                    </Anchors>
                </Texture>
            </Layer>
            <Layer level="ARTWORK">
                <Texture parentKey="Pushed" hidden="true">
                    <Anchors>
                        <Anchor point="CENTER"/>
                    </Anchors>
                </Texture>
            </Layer>
            <Layer level="HIGHLIGHT">
                <Texture parentKey="Highlight" alphaMode="ADD">
                    <Anchors>
                        <Anchor point="CENTER"/>
                    </Anchors>
                </Texture>
            </Layer>
        </Layers>
        <Scripts>
            <OnLoad>
                self.Pushed:SetAtlas("pta-tab-pushed", Const.TextureKit.UseAtlasSize)
                self.Normal:SetAtlas("pta-tab-normal", Const.TextureKit.UseAtlasSize)
                self.Highlight:SetAtlas("pta-tab-highlight", Const.TextureKit.UseAtlasSize)
                self.Selected:SetAtlas("pta-tab-checked", Const.TextureKit.UseAtlasSize)
                MixinAndLoadScripts(self, "PathAppendixItemMixin")
            </OnLoad>
        </Scripts>

        <NormalTexture parentKey="Normal">
            <Anchors>
                <Anchor point="CENTER"/>
            </Anchors>
        </NormalTexture>

        <HighlightTexture />
    </Button>
</Ui>