<Ui xmlns="http://www.blizzard.com/wow/ui/" xmlns:xsi="http://www.w3.org/2001/XMLSchema-instance" xsi:schemaLocation="http://www.blizzard.com/wow/ui/
https://raw.githubusercontent.com/Ascension-Addons/UI.xsd/main/UI.xsd">

    <CheckButton name="ActionButtonTemplate" virtual="true">
        <Size x="36" y="36"/>
        <Layers>
            <Layer level="BACKGROUND">
                <Texture name="$parentIcon"/>
            </Layer>
            <Layer level="ARTWORK">
                <Texture name="$parentFlash" file="Interface\Buttons\UI-QuickslotRed" hidden="true"/>
                <FontString name="$parentHotKey" inherits="NumberFontNormalSmallGray" justifyH="RIGHT">
                    <Size>
                        <AbsDimension x="36" y="10"/>
                    </Size>
                    <Anchors>
                        <Anchor point="TOPLEFT">
                            <Offset>
                                <AbsDimension x="-2" y="-2"/>
                            </Offset>
                        </Anchor>
                    </Anchors>
                </FontString>
                <FontString name="$parentCount" inherits="NumberFontNormal" justifyH="RIGHT">
                    <Anchors>
                        <Anchor point="BOTTOMRIGHT">
                            <Offset>
                                <AbsDimension x="-2" y="2"/>
                            </Offset>
                        </Anchor>
                    </Anchors>
                </FontString>
            </Layer>
            <Layer level="OVERLAY">
                <FontString name="$parentName" inherits="GameFontHighlightSmallOutline">
                    <Size>
                        <AbsDimension x="36" y="10"/>
                    </Size>
                    <Anchors>
                        <Anchor point="BOTTOM">
                            <Offset>
                                <AbsDimension x="0" y="2"/>
                            </Offset>
                        </Anchor>
                    </Anchors>
                </FontString>
                <Texture name="$parentBorder" file="Interface\Buttons\UI-ActionButton-Border" hidden="true" alphaMode="ADD">
                    <Size>
                        <AbsDimension x="62" y="62"/>
                    </Size>
                    <Anchors>
                        <Anchor point="CENTER">
                            <Offset>
                                <AbsDimension x="0" y="0"/>
                            </Offset>
                        </Anchor>
                    </Anchors>
                </Texture>
            </Layer>
        </Layers>
        <Frames>
            <Cooldown name="$parentCooldown" inherits="CooldownFrameTemplate">
                <Size x="36" y="36"/>
                <Anchors>
                    <Anchor point="CENTER">
                        <Offset>
                            <AbsDimension x="0" y="-1"/>
                        </Offset>
                    </Anchor>
                </Anchors>
            </Cooldown>
        </Frames>
        <NormalTexture name="$parentNormalTexture" file="Interface\Buttons\UI-Quickslot2">
            <Size>
                <AbsDimension x="66" y="66"/>
            </Size>
            <Anchors>
                <Anchor point="CENTER">
                    <Offset>
                        <AbsDimension x="0" y="-1"/>
                    </Offset>
                </Anchor>
            </Anchors>
        </NormalTexture>
        <PushedTexture file="Interface\Buttons\UI-Quickslot-Depress"/>
        <HighlightTexture alphaMode="ADD" file="Interface\Buttons\ButtonHilight-Square"/>
        <CheckedTexture alphaMode="ADD" file="Interface\Buttons\CheckButtonHilight"/>
    </CheckButton>
</Ui>
