﻿<Ui xmlns="http://www.blizzard.com/wow/ui/" xmlns:xsi="http://www.w3.org/2001/XMLSchema-instance" xsi:schemaLocation="http://www.blizzard.com/wow/ui/
https://raw.githubusercontent.com/Ascension-Addons/UI.xsd/main/UI.xsd">
    <Script file="NamePlateDriver.lua"/>
    <Frame name="NamePlateDriverFrame" parent="UIParent" hidden="true">
        <Scripts>
            <OnLoad>
                MixinAndLoadScripts(self, "NamePlateDriverMixin")
            </OnLoad>
            <OnEvent function="OnEventToMethod"/>
        </Scripts>
    </Frame>
</Ui>