<Ui xmlns="http://www.blizzard.com/wow/ui/" xmlns:xsi="http://www.w3.org/2001/XMLSchema-instance" xsi:schemaLocation="http://www.blizzard.com/wow/ui/
C:\Projects\WoW\Bin\Interface\FrameXML\UI.xsd">

	<Script file="Blizzard_VehicleUI.lua"/>
	<Frame name="VehicleSlider1" movable="true" hidden="true">
		<Size>
			<AbsDimension x="60" y="144"/>
		</Size>
		<Anchors>
			<Anchor point="TOPLEFT">
				<Offset x="125" y="-120"/>
			</Anchor>
		</Anchors>
		<Backdrop bgFile="Interface\TutorialFrame\TutorialFrameBackground" edgeFile="Interface\Tooltips\UI-Tooltip-Border">
			<BackgroundInsets>
				<AbsInset left="4" right="3" top="4" bottom="5"/>
			</BackgroundInsets>
			<TileSize>
				<AbsValue val="32"/>
			</TileSize>
			<EdgeSize>
				<AbsValue val="16"/>
			</EdgeSize>
		</Backdrop>
		<Layers>
			<Layer level="BORDER">
				<FontString name="$parentLabel" inherits="GameFontNormalSmall" text="Power">
					<Anchors>
						<Anchor point="TOP">
							<Offset x="0" y="-6"/>
						</Anchor>
					</Anchors>
				</FontString>
			</Layer>
		</Layers>
		<Frames>
			<Slider name="$parentSlider" orientation="VERTICAL">
				<Size>
					<AbsDimension x="14" y="0"/>
				</Size>
				<Anchors>
					<Anchor point="TOPLEFT">
						<Offset>
							<AbsDimension x="14" y="-36"/>
						</Offset>
					</Anchor>
					<Anchor point="BOTTOMLEFT">
						<Offset>
							<AbsDimension x="14" y="28"/>
						</Offset>
					</Anchor>
				</Anchors>
				<Backdrop bgFile="Interface\Buttons\UI-SliderBar-Background" edgeFile="Interface\Buttons\UI-SliderBar-Border" tile="true">
					<EdgeSize>
						<AbsValue val="8"/>
					</EdgeSize>
					<TileSize>
						<AbsValue val="8"/>
					</TileSize>
					<BackgroundInsets>
						<AbsInset left="3" right="3" top="6" bottom="6"/>
					</BackgroundInsets>
				</Backdrop>
				<HitRectInsets>
					<AbsInset left="0" right="0" top="-10" bottom="-10"/>
				</HitRectInsets>
				<Layers>
					<Layer level="ARTWORK">
						<FontString name="$parentText" inherits="GameFontNormal" text="SLIDER1_DEFAULT_VALUE"/>
						<FontString name="$parentHigh" inherits="GameFontHighlight" text="SLIDER1_MAX">
							<Anchors>
								<Anchor point="BOTTOM" relativePoint="TOP">
									<Offset>
										<AbsDimension x="-2" y="4"/>
									</Offset>
								</Anchor>
							</Anchors>
						</FontString>
						<FontString name="$parentLow" inherits="GameFontHighlight" text="SLIDER1_MIN">
							<Anchors>
								<Anchor point="TOP" relativePoint="BOTTOM">
									<Offset>
										<AbsDimension x="-3" y="-2"/>
									</Offset>
								</Anchor>
							</Anchors>
						</FontString>
					</Layer>
				</Layers>
				<Scripts>
					<OnLoad>	
						self.cvar = "VehiclePower"
						self:SetMinMaxValues(SLIDER1_MIN, SLIDER1_MAX);
						self.oGetValue = self.GetValue;
						self.GetValue = function (self) return SLIDER1_MAX - self:oGetValue() end
						self:RegisterEvent("ADDON_LOADED")
						self:SetScript("OnEvent", VehicleSlider1_OnEvent);
					</OnLoad>
					<OnValueChanged>
						VehicleSlider1SliderText:ClearAllPoints()
						VehicleSlider1SliderText:SetPoint("LEFT", VehicleSlider1SliderThumb, "RIGHT", -8, 2);
						VehicleSlider1SliderText:SetText(math.round(self:GetValue()));
						VehicleSlider_UpdateCVar(self);
					</OnValueChanged>
				</Scripts>
				<ThumbTexture name="$parentThumb" file="Interface\Buttons\UI-SliderBar-Button-Vertical">
					<Size>
						<AbsDimension x="32" y="32"/>
					</Size>
				</ThumbTexture>			
			</Slider>
		</Frames>
		<Scripts>
			<OnMouseDown>
				self:StartMoving();
			</OnMouseDown>
			<OnMouseUp>
				self:StopMovingOrSizing();
			</OnMouseUp>
			<OnLoad>
				self:RegisterEvent("VEHICLE_POWER_SHOW");
			</OnLoad>
			<OnEvent>
			---[[
				local arg1 = ...;
				if ( arg1 ) then
					self:Show();
				else
					self:Hide();
				end
			--]]
			</OnEvent>			
		</Scripts>		
	</Frame>
	<Frame name="VehicleSlider2" hidden="true" movable="true">
		<Size>
			<AbsDimension x="100" y="384"/>
		</Size>
		<Anchors>
			<Anchor point="LEFT">
				<Offset>
					<AbsDimension x="256" y="0"/>
				</Offset>
			</Anchor>
		</Anchors>
		<Backdrop bgFile="Interface\TutorialFrame\TutorialFrameBackground" edgeFile="Interface\Tooltips\UI-Tooltip-Border">
			<BackgroundInsets>
				<AbsInset left="4" right="3" top="4" bottom="5"/>
			</BackgroundInsets>
			<TileSize>
				<AbsValue val="32"/>
			</TileSize>
			<EdgeSize>
				<AbsValue val="16"/>
			</EdgeSize>
		</Backdrop>
		<Frames>
			<Slider name="$parentSlider" orientation="VERTICAL">
				<Size>
					<AbsDimension x="14" y="0"/>
				</Size>
				<Anchors>
					<Anchor point="TOPLEFT">
						<Offset>
							<AbsDimension x="40" y="-32"/>
						</Offset>
					</Anchor>
					<Anchor point="BOTTOMLEFT">
						<Offset>
							<AbsDimension x="40" y="32"/>
						</Offset>
					</Anchor>
				</Anchors>
				<Backdrop bgFile="Interface\Buttons\UI-SliderBar-Background" edgeFile="Interface\Buttons\UI-SliderBar-Border" tile="true">
					<EdgeSize>
						<AbsValue val="8"/>
					</EdgeSize>
					<TileSize>
						<AbsValue val="8"/>
					</TileSize>
					<BackgroundInsets>
						<AbsInset left="3" right="3" top="6" bottom="6"/>
					</BackgroundInsets>
				</Backdrop>
				<HitRectInsets>
					<AbsInset left="0" right="0" top="-10" bottom="-10"/>
				</HitRectInsets>
				<Layers>
					<Layer level="ARTWORK">
						<FontString name="$parentText" inherits="GameFontNormal" text="SLIDER2_DEFAULT_VALUE"/>
						<FontString name="$parentHigh" inherits="GameFontHighlight" text="SLIDER2_MAX">
							<Anchors>
								<Anchor point="BOTTOM" relativePoint="TOP">
									<Offset>
										<AbsDimension x="-2" y="4"/>
									</Offset>
								</Anchor>
							</Anchors>
						</FontString>
						<FontString name="$parentLow" inherits="GameFontHighlight" text="SLIDER2_MIN">
							<Anchors>
								<Anchor point="TOP" relativePoint="BOTTOM">
									<Offset>
										<AbsDimension x="-3" y="-2"/>
									</Offset>
								</Anchor>
							</Anchors>
						</FontString>
						<FontString name="$parentLabel" inherits="GameFontNormalLarge" nonspacewrap="true" text="A n g l e" spacing="8">
							<Size>
								<AbsDimension x="16" y="0"/>
							</Size>
							<Anchors>
								<Anchor point="TOPRIGHT" relativePoint="TOPLEFT">
									<Offset>
										<AbsDimension x="-8" y="-8"/>
									</Offset>
								</Anchor>
								<Anchor point="BOTTOMRIGHT" relativePoint="BOTTOMLEFT">
									<Offset>
										<AbsDimension x="-8" y="8"/>
									</Offset>
								</Anchor>
							</Anchors>
						</FontString>
					</Layer>
				</Layers>
				<Scripts>
					<OnLoad>	
						self.cvar = "VehicleAngle";
						self:SetMinMaxValues(SLIDER2_MIN, SLIDER2_MAX);
						self.oGetValue = self.GetValue;
						self.GetValue = function (self) return SLIDER2_MAX - self:oGetValue() end
						self:RegisterEvent("ADDON_LOADED")
						self:RegisterEvent("VEHICLE_ANGLE_UPDATE");
						self:SetScript("OnEvent", VehicleSlider2_OnEvent);
					</OnLoad>
				</Scripts>				
				<ThumbTexture name="$parentThumb" file="Interface\Buttons\UI-SliderBar-Button-Vertical">
					<Size>
						<AbsDimension x="32" y="32"/>
					</Size>
				</ThumbTexture>
			</Slider>
		</Frames>
		<Scripts>
			<OnMouseDown>
				self:StartMoving();
			</OnMouseDown>
			<OnMouseUp>
				self:StopMovingOrSizing();
			</OnMouseUp>
			<OnLoad>
				self:RegisterEvent("VEHICLE_ANGLE_SHOW");
			</OnLoad>
			<OnEvent>
			--[[
				local arg1 = ...;
				if ( arg1 ) then
					self:Show();
				else
					self:Hide();
				end
			--]]
			</OnEvent>
		</Scripts>
	</Frame>
	<Frame name="VehiclePitchFrame" movable="true" hidden="true">
		<Size x="48" y="87"/>
		<Anchors>
			<Anchor point="TOPLEFT" relativeTo="VehicleSlider1" relativePoint="TOPRIGHT">
				<Offset x="4" y="0"/>
			</Anchor>
		</Anchors>
		<Backdrop bgFile="Interface\TutorialFrame\TutorialFrameBackground" edgeFile="Interface\Tooltips\UI-Tooltip-Border">
			<BackgroundInsets>
				<AbsInset left="4" right="3" top="4" bottom="5"/>
			</BackgroundInsets>
			<TileSize>
				<AbsValue val="32"/>
			</TileSize>
			<EdgeSize>
				<AbsValue val="16"/>
			</EdgeSize>
		</Backdrop>
		<Layers>
			<Layer level="BACKGROUND">
				<FontString name="$parentLabel" inherits="GameFontNormalSmall" text="Pitch">
					<Anchors>
						<Anchor point="TOP">
							<Offset x="0" y="-6"/>
						</Anchor>
					</Anchors>
				</FontString>
			</Layer>
		</Layers>
		<Frames>
			<Button name="$parentUpButton">
				<Size x="32" y="32"/>
				<Anchors>
					<Anchor point="TOP">
						<Offset x="0" y="-18"/>
					</Anchor>
				</Anchors>
				<Scripts>
					<OnLoad>
						self:RegisterForClicks("AnyDown");
					</OnLoad>
					<OnClick>
						PlaySound("igChatScrollUp");
					</OnClick>
					<OnMouseUp>
						PitchUpStop();
					</OnMouseUp>
					<OnMouseDown>
						PitchUpStart();
					</OnMouseDown>
				</Scripts>
				<NormalTexture file="Interface\ChatFrame\UI-ChatIcon-ScrollUp-Up"/>
				<PushedTexture file="Interface\ChatFrame\UI-ChatIcon-ScrollUp-Down"/>
				<DisabledTexture file="Interface\ChatFrame\UI-ChatIcon-ScrollUp-Disabled"/>
				<HighlightTexture file="Interface\Buttons\UI-Common-MouseHilight" alphaMode="ADD"/>
			</Button>
			<Button name="$parentDownButton">
				<Size x="32" y="32"/>
				<Anchors>
					<Anchor point="BOTTOM">
						<Offset x="0" y="8"/>
					</Anchor>
				</Anchors>
				<Scripts>
					<OnLoad>
						self:RegisterForClicks("AnyDown");
					</OnLoad>
					<OnClick>
						PlaySound("igChatScrollDown");
					</OnClick>
					<OnMouseUp>
						PitchDownStop();
					</OnMouseUp>
					<OnMouseDown>
						PitchDownStart();
					</OnMouseDown>
				</Scripts>
				<NormalTexture file="Interface\ChatFrame\UI-ChatIcon-ScrollDown-Up"/>
				<PushedTexture file="Interface\ChatFrame\UI-ChatIcon-ScrollDown-Down"/>
				<DisabledTexture file="Interface\ChatFrame\UI-ChatIcon-ScrollDown-Disabled"/>
				<HighlightTexture file="Interface\Buttons\UI-Common-MouseHilight" alphaMode="ADD"/>
			</Button>
		</Frames>
		<Scripts>
			<OnMouseDown>
				self:StartMoving();
			</OnMouseDown>
			<OnMouseUp>
				self:StopMovingOrSizing();
			</OnMouseUp>
			<OnLoad>
				self:RegisterEvent("VEHICLE_ANGLE_SHOW");
			</OnLoad>
			<OnEvent>
				local arg1 = ...;
				if ( arg1 ) then
					self:Show();
				else
					self:Hide();
				end
			</OnEvent>
		</Scripts>
	</Frame>
</Ui>
